{"IcoMoonType":"selection","icons":[{"icon":{"paths":["M669.143 172l-303.429 303.429 303.429 303.429c14.286 14.286 14.286 37.143 0 51.429l-94.857 94.857c-14.286 14.286-37.143 14.286-51.429 0l-424-424c-14.286-14.286-14.286-37.143 0-51.429l424-424c14.286-14.286 37.143-14.286 51.429 0l94.857 94.857c14.286 14.286 14.286 37.143 0 51.429z"],"width":768,"attrs":[],"isMulticolor":false,"isMulticolor2":false,"tags":["chevron-left"],"defaultCode":61523,"grid":14},"attrs":[],"properties":{"name":"25","id":82,"order":12,"prevSize":28,"code":61523},"setIdx":0,"setId":2,"iconIdx":82},{"icon":{"paths":["M632.571 501.143l-424 424c-14.286 14.286-37.143 14.286-51.429 0l-94.857-94.857c-14.286-14.286-14.286-37.143 0-51.429l303.429-303.429-303.429-303.429c-14.286-14.286-14.286-37.143 0-51.429l94.857-94.857c14.286-14.286 37.143-14.286 51.429 0l424 424c14.286 14.286 14.286 37.143 0 51.429z"],"width":694.8571428571428,"attrs":[],"isMulticolor":false,"isMulticolor2":false,"tags":["chevron-right"],"defaultCode":61524,"grid":14},"attrs":[],"properties":{"name":"24","id":83,"order":11,"prevSize":28,"code":61524},"setIdx":0,"setId":2,"iconIdx":83},{"icon":{"paths":["M365.714 804.571c0-40-33.143-73.143-73.143-73.143s-73.143 33.143-73.143 73.143 33.143 73.143 73.143 73.143 73.143-33.143 73.143-73.143zM146.286 512h219.429v-146.286h-90.286c-2.286 0-10.857 3.429-12.571 5.143l-111.429 111.429c-1.714 1.714-5.143 10.286-5.143 12.571v17.143zM877.714 804.571c0-40-33.143-73.143-73.143-73.143s-73.143 33.143-73.143 73.143 33.143 73.143 73.143 73.143 73.143-33.143 73.143-73.143zM1024 182.857v585.143c0 42.286-44.571 36.571-73.143 36.571 0 80.571-65.714 146.286-146.286 146.286s-146.286-65.714-146.286-146.286h-219.429c0 80.571-65.714 146.286-146.286 146.286s-146.286-65.714-146.286-146.286h-36.571c-28.571 0-73.143 5.714-73.143-36.571 0-20 16.571-36.571 36.571-36.571v-182.857c0-40.571-5.714-85.714 25.714-117.143l113.143-113.143c14.286-14.286 41.714-25.714 62.286-25.714h91.429v-109.714c0-20 16.571-36.571 36.571-36.571h585.143c20 0 36.571 16.571 36.571 36.571z"],"width":1060.5714285714284,"attrs":[],"isMulticolor":false,"isMulticolor2":false,"tags":["truck"],"defaultCode":61649,"grid":14},"attrs":[],"properties":{"name":"transporte","id":185,"order":8,"prevSize":28,"code":61649},"setIdx":0,"setId":2,"iconIdx":185},{"icon":{"paths":["M219.429 749.714v36.571c0 9.714-8.571 18.286-18.286 18.286h-36.571c-9.714 0-18.286-8.571-18.286-18.286v-36.571c0-9.714 8.571-18.286 18.286-18.286h36.571c9.714 0 18.286 8.571 18.286 18.286zM219.429 603.429v36.571c0 9.714-8.571 18.286-18.286 18.286h-36.571c-9.714 0-18.286-8.571-18.286-18.286v-36.571c0-9.714 8.571-18.286 18.286-18.286h36.571c9.714 0 18.286 8.571 18.286 18.286zM365.714 603.429v36.571c0 9.714-8.571 18.286-18.286 18.286h-36.571c-9.714 0-18.286-8.571-18.286-18.286v-36.571c0-9.714 8.571-18.286 18.286-18.286h36.571c9.714 0 18.286 8.571 18.286 18.286zM219.429 457.143v36.571c0 9.714-8.571 18.286-18.286 18.286h-36.571c-9.714 0-18.286-8.571-18.286-18.286v-36.571c0-9.714 8.571-18.286 18.286-18.286h36.571c9.714 0 18.286 8.571 18.286 18.286zM658.286 749.714v36.571c0 9.714-8.571 18.286-18.286 18.286h-36.571c-9.714 0-18.286-8.571-18.286-18.286v-36.571c0-9.714 8.571-18.286 18.286-18.286h36.571c9.714 0 18.286 8.571 18.286 18.286zM512 603.429v36.571c0 9.714-8.571 18.286-18.286 18.286h-36.571c-9.714 0-18.286-8.571-18.286-18.286v-36.571c0-9.714 8.571-18.286 18.286-18.286h36.571c9.714 0 18.286 8.571 18.286 18.286zM365.714 457.143v36.571c0 9.714-8.571 18.286-18.286 18.286h-36.571c-9.714 0-18.286-8.571-18.286-18.286v-36.571c0-9.714 8.571-18.286 18.286-18.286h36.571c9.714 0 18.286 8.571 18.286 18.286zM219.429 310.857v36.571c0 9.714-8.571 18.286-18.286 18.286h-36.571c-9.714 0-18.286-8.571-18.286-18.286v-36.571c0-9.714 8.571-18.286 18.286-18.286h36.571c9.714 0 18.286 8.571 18.286 18.286zM658.286 603.429v36.571c0 9.714-8.571 18.286-18.286 18.286h-36.571c-9.714 0-18.286-8.571-18.286-18.286v-36.571c0-9.714 8.571-18.286 18.286-18.286h36.571c9.714 0 18.286 8.571 18.286 18.286zM512 457.143v36.571c0 9.714-8.571 18.286-18.286 18.286h-36.571c-9.714 0-18.286-8.571-18.286-18.286v-36.571c0-9.714 8.571-18.286 18.286-18.286h36.571c9.714 0 18.286 8.571 18.286 18.286zM365.714 310.857v36.571c0 9.714-8.571 18.286-18.286 18.286h-36.571c-9.714 0-18.286-8.571-18.286-18.286v-36.571c0-9.714 8.571-18.286 18.286-18.286h36.571c9.714 0 18.286 8.571 18.286 18.286zM219.429 164.571v36.571c0 9.714-8.571 18.286-18.286 18.286h-36.571c-9.714 0-18.286-8.571-18.286-18.286v-36.571c0-9.714 8.571-18.286 18.286-18.286h36.571c9.714 0 18.286 8.571 18.286 18.286zM658.286 457.143v36.571c0 9.714-8.571 18.286-18.286 18.286h-36.571c-9.714 0-18.286-8.571-18.286-18.286v-36.571c0-9.714 8.571-18.286 18.286-18.286h36.571c9.714 0 18.286 8.571 18.286 18.286zM512 310.857v36.571c0 9.714-8.571 18.286-18.286 18.286h-36.571c-9.714 0-18.286-8.571-18.286-18.286v-36.571c0-9.714 8.571-18.286 18.286-18.286h36.571c9.714 0 18.286 8.571 18.286 18.286zM365.714 164.571v36.571c0 9.714-8.571 18.286-18.286 18.286h-36.571c-9.714 0-18.286-8.571-18.286-18.286v-36.571c0-9.714 8.571-18.286 18.286-18.286h36.571c9.714 0 18.286 8.571 18.286 18.286zM658.286 310.857v36.571c0 9.714-8.571 18.286-18.286 18.286h-36.571c-9.714 0-18.286-8.571-18.286-18.286v-36.571c0-9.714 8.571-18.286 18.286-18.286h36.571c9.714 0 18.286 8.571 18.286 18.286zM512 164.571v36.571c0 9.714-8.571 18.286-18.286 18.286h-36.571c-9.714 0-18.286-8.571-18.286-18.286v-36.571c0-9.714 8.571-18.286 18.286-18.286h36.571c9.714 0 18.286 8.571 18.286 18.286zM658.286 164.571v36.571c0 9.714-8.571 18.286-18.286 18.286h-36.571c-9.714 0-18.286-8.571-18.286-18.286v-36.571c0-9.714 8.571-18.286 18.286-18.286h36.571c9.714 0 18.286 8.571 18.286 18.286zM512 950.857h219.429v-877.714h-658.286v877.714h219.429v-128c0-9.714 8.571-18.286 18.286-18.286h182.857c9.714 0 18.286 8.571 18.286 18.286v128zM804.571 36.571v950.857c0 20-16.571 36.571-36.571 36.571h-731.429c-20 0-36.571-16.571-36.571-36.571v-950.857c0-20 16.571-36.571 36.571-36.571h731.429c20 0 36.571 16.571 36.571 36.571z"],"width":804.5714285714286,"attrs":[],"isMulticolor":false,"isMulticolor2":false,"tags":["building-o"],"defaultCode":61687,"grid":14},"attrs":[],"properties":{"name":"empresa","id":221,"order":9,"prevSize":28,"code":61687},"setIdx":0,"setId":2,"iconIdx":221},{"icon":{"paths":["M648 614.286c-28.571 92-112.571 153.714-209.143 153.714s-180.571-61.714-209.143-153.714c-6.286-19.429 4.571-39.429 24-45.714 18.857-6.286 39.429 4.571 45.714 24 18.857 61.143 75.429 102.286 139.429 102.286s120.571-41.143 139.429-102.286c6.286-19.429 26.857-30.286 46.286-24 18.857 6.286 29.714 26.286 23.429 45.714zM365.714 365.714c0 40.571-32.571 73.143-73.143 73.143s-73.143-32.571-73.143-73.143 32.571-73.143 73.143-73.143 73.143 32.571 73.143 73.143zM658.286 365.714c0 40.571-32.571 73.143-73.143 73.143s-73.143-32.571-73.143-73.143 32.571-73.143 73.143-73.143 73.143 32.571 73.143 73.143zM804.571 512c0-201.714-164-365.714-365.714-365.714s-365.714 164-365.714 365.714 164 365.714 365.714 365.714 365.714-164 365.714-365.714zM877.714 512c0 242.286-196.571 438.857-438.857 438.857s-438.857-196.571-438.857-438.857 196.571-438.857 438.857-438.857 438.857 196.571 438.857 438.857z"],"width":877.7142857142857,"attrs":[],"isMulticolor":false,"isMulticolor2":false,"tags":["smile-o"],"defaultCode":61720,"grid":14},"attrs":[],"properties":{"name":"smile-o","id":250,"order":7,"prevSize":28,"code":61720},"setIdx":0,"setId":2,"iconIdx":250},{"icon":{"paths":["M576 706.612v-52.78c70.498-39.728 128-138.772 128-237.832 0-159.058 0-288-192-288s-192 128.942-192 288c0 99.060 57.502 198.104 128 237.832v52.78c-217.102 17.748-384 124.42-384 253.388h896c0-128.968-166.898-235.64-384-253.388z"],"tags":["user","profile","avatar","person","member"],"defaultCode":59761,"grid":16,"attrs":[]},"attrs":[],"properties":{"ligatures":"user, profile2","name":"conductor","order":4,"id":114,"prevSize":32,"code":59761},"setIdx":1,"setId":1,"iconIdx":113},{"icon":{"width":1152,